"compSeason.name","round.roundNumber","home.team.name","away.team.name","venue.name","Home.OffensiveRating","Home.DefensiveRating","Away.OffensiveRating","Away.DefensiveRating","GamesPlayed","GamesWon","HomeGroundAdvantage","PredictedMargin","pr","Winner"
"2025 Toyota AFL Premiership",5,"Adelaide","Geelong","Adelaide Oval",6.19598218156287,25.0242945878516,3.29827687012034,-7.27896064182639,12,7,0.583333333333333,9.42730928652396,0.56037751893589,"Adelaide"
"2025 Toyota AFL Premiership",5,"Collingwood","Sydney","Adelaide Oval",14.3323258712506,-4.43560167928512,-7.85443550761339,-12.2705836574824,1,1,1,25.7792314964934,0.67242522485376,"Collingwood"
"2025 Toyota AFL Premiership",5,"North Melbourne","Gold Coast","Barossa Park",4.00872886678086,13.2655180577834,4.05862302560785,-4.9385284159018,NA,NA,0,-7.36933294116694,0.452913834184595,"Gold Coast"
"2025 Toyota AFL Premiership",5,"Carlton","West Coast","Adelaide Oval",-6.60879420178808,-5.34099897457611,-3.8230027083287,-11.9076884236654,NA,NA,0,-13.687415871489,0.411736466996711,"West Coast"
"2025 Toyota AFL Premiership",5,"Footscray","Brisbane Lions","Norwood Oval",15.6270735382998,-7.90169635299854,4.84290760819616,-2.7919830289424,NA,NA,0,-4.43757093989272,0.471712326642314,"Brisbane Lions"
"2025 Toyota AFL Premiership",5,"Melbourne","Essendon","Adelaide Oval",-2.54682671725472,-6.51793912007729,-8.16504975691075,-14.2489886677173,NA,NA,0,-4.16878155735017,0.473429867796182,"Essendon"
"2025 Toyota AFL Premiership",5,"Richmond","Fremantle","Barossa Park",-3.00774980930444,-15.2277967929201,-7.8156454879031,-11.5288450529955,NA,NA,0,-10.9251324832418,0.429882768775746,"Fremantle"
"2025 Toyota AFL Premiership",5,"St Kilda","GWS","Norwood Oval",3.28322024699857,-6.73107610702218,-15.0298809783274,-6.35101090726895,NA,NA,0,-1.50971017827415,0.49038742550763,"GWS"
"2025 Toyota AFL Premiership",5,"Port Adelaide","Hawthorn","Adelaide Oval",9.60521210485404,3.54685454593958,-2.07787574949377,-5.62265798185386,13,9,0.692307692307692,8.68949810486318,0.555601383747677,"Port Adelaide"
