"compSeason.name","round.roundNumber","home.team.name","away.team.name","venue.name","Home.OffensiveRating","Home.DefensiveRating","Away.OffensiveRating","Away.DefensiveRating","GamesPlayed","GamesWon","HomeGroundAdvantage","PredictedMargin","pr","Winner"
"2025 Toyota AFL Premiership",2,"Carlton","Hawthorn","MCG",4.24299472442398,7.5453993383416,9.25224723415987,-9.92961836941649,5,3,0.6,1.53170313701379,0.509752650819024,"Carlton"
"2025 Toyota AFL Premiership",2,"Footscray","Collingwood","MCG",35.057909773526,8.18061501973561,2.04647513850646,-14.6802350711566,1,0,0,6.52288120114815,0.541644652496725,"Footscray"
"2025 Toyota AFL Premiership",2,"Essendon","Adelaide","MCG",8.1583077732676,1.2074708363487,-15.1069528453363,-7.59220272966866,4,2,0.5,6.99520395877543,0.544679420903345,"Essendon"
"2025 Toyota AFL Premiership",2,"Port Adelaide","Richmond","Adelaide Oval",27.9408458121734,-5.60627791166291,-5.939980449963,-13.0327921309725,14,10,0.714285714285714,24.1782271000947,0.660658154699811,"Port Adelaide"
"2025 Toyota AFL Premiership",2,"St Kilda","Geelong","Marvel Stadium",-6.47593719097222,-12.1519908901738,-3.56724195312677,-10.5524306409912,10,6,0.6,-7.40390485662952,0.452691300753958,"Geelong"
"2025 Toyota AFL Premiership",2,"Brisbane Lions","West Coast","Gabba",21.5595727116851,-6.24671170581443,-14.2048851948188,-21.2013791487086,12,8,0.666666666666667,27.0611158591677,0.682038256088886,"Brisbane Lions"
"2025 Toyota AFL Premiership",2,"North Melbourne","Melbourne","Marvel Stadium",-9.5969304306671,19.1273007795123,-7.25078110093878,-10.8174345742625,7,2,0.285714285714286,-6.09943446929984,0.461072836532094,"Melbourne"
"2025 Toyota AFL Premiership",2,"Fremantle","Sydney","Optus Stadium",16.0474628192393,-2.67451077051325,-8.25541609176733,-11.4994358891724,11,7,0.636363636363636,14.9333309530467,0.596541859833675,"Fremantle"
