"compSeason.name","round.roundNumber","home.team.name","away.team.name","venue.name","Home.OffensiveRating","Home.DefensiveRating","Away.OffensiveRating","Away.DefensiveRating","GamesPlayed","GamesWon","HomeGroundAdvantage","PredictedMargin","pr","Winner"
"2025 Toyota AFL Premiership",11,"Geelong","Footscray","GMHBA Stadium",18.1144513092526,7.43121945759275,-5.0927262236699,-0.13536125474667,9,6,0.666666666666667,15.7086345083744,0.601727094926107,"Geelong"
"2025 Toyota AFL Premiership",11,"Essendon","Richmond","MCG",3.4970279594078,-7.02553346364104,-10.3140990023094,-12.8159423298779,3,1,0.333333333333333,6.54338169016037,0.541776291217474,"Essendon"
"2025 Toyota AFL Premiership",11,"Carlton","GWS","Marvel Stadium",5.31668557623593,-6.84418792426185,-5.40064314704842,-6.40060731812941,5,2,0.4,-0.411721414505243,0.497378870446317,"GWS"
"2025 Toyota AFL Premiership",11,"Hawthorn","Brisbane Lions","MCG",23.1990692022677,13.2072143537182,5.2377692050632,-2.40411592091903,5,5,1,23.34662095612,0.654640870847595,"Hawthorn"
"2025 Toyota AFL Premiership",11,"North Melbourne","Collingwood","Marvel Stadium",-2.0637183509046,-18.8274699943242,8.4356610569048,-8.1011871977702,7,3,0.428571428571429,-19.860294669738,0.369979882308513,"Collingwood"
"2025 Toyota AFL Premiership",11,"Fremantle","Port Adelaide","Optus Stadium",13.1972290837563,-3.2414200981146,-2.00674358477939,-7.65176265715969,7,4,0.571428571428571,11.0030043588482,0.570625345703302,"Fremantle"
"2025 Toyota AFL Premiership",11,"Adelaide","West Coast","Adelaide Oval",-0.490583646458571,-0.205608472513291,-9.68350452661979,-15.5785268905767,7,4,0.571428571428571,9.83295763454882,0.563009238878013,"Adelaide"
"2025 Toyota AFL Premiership",11,"Melbourne","Sydney","MCG",-1.38063064365682,-2.49619530893351,2.2149510293171,-10.6546352246915,7,4,0.571428571428571,-4.68259781648882,0.470145907341137,"Sydney"
"2025 Toyota AFL Premiership",11,"St Kilda","Gold Coast","Marvel Stadium",3.50480418908236,-8.2691132543149,12.1044624081471,-2.98259916452083,8,5,0.625,-15.0197796347058,0.402881306223415,"Gold Coast"
