"compSeason.name","round.roundNumber","home.team.name","away.team.name","venue.name","Home.OffensiveRating","Home.DefensiveRating","Away.OffensiveRating","Away.DefensiveRating","GamesPlayed","GamesWon","HomeGroundAdvantage","PredictedMargin","pr","Winner"
"2025 Toyota AFL Premiership",9,"Fremantle","Collingwood","Optus Stadium",0.229524069924222,-3.65345896403943,8.44033637127351,-5.19239458617417,11,6,0.545454545454545,-13.6284718986149,0.41212655133554,"Collingwood"
"2025 Toyota AFL Premiership",9,"St Kilda","Carlton","MCG",7.34721075370409,-12.2172031255793,-3.15712931810098,0.713483846287819,NA,NA,0,-14.148692305042,0.408679035489747,"Carlton"
"2025 Toyota AFL Premiership",9,"Melbourne","Hawthorn","MCG",5.37638971428212,6.25618157414984,-10.3305435267549,-5.38137291259188,12,7,0.583333333333333,8.29850269136977,0.553075508304332,"Melbourne"
"2025 Toyota AFL Premiership",9,"Essendon","Sydney","Marvel Stadium",4.65139625901631,7.57063680069697,1.90995561434316,-9.64953687086406,8,5,0.625,5.17656805910983,0.53301421438273,"Essendon"
"2025 Toyota AFL Premiership",9,"Gold Coast","Footscray","TIO Stadium",3.03785404075141,-9.13543253487634,0.772388111057193,2.63582768561777,2,2,1,-10.1307780826412,0.435055823396595,"Footscray"
"2025 Toyota AFL Premiership",9,"Port Adelaide","Adelaide","Adelaide Oval",12.9128308637646,22.0864535151709,-1.50008903965552,-3.31161545315708,13,9,0.692307692307692,15.7928742850377,0.602292150983564,"Port Adelaide"
"2025 Toyota AFL Premiership",9,"Richmond","West Coast","MCG",-9.16636187600532,-22.6354849487749,-7.43390223001041,-16.0428637984956,9,1,0.111111111111111,-14.4738708650866,0.406518486942454,"West Coast"
"2025 Toyota AFL Premiership",9,"Geelong","GWS","GMHBA Stadium",22.2982809967425,5.33322245444408,-8.39587176357907,-9.25434837307484,9,6,0.666666666666667,31.1538842287079,0.714117962724464,"Geelong"
"2025 Toyota AFL Premiership",9,"North Melbourne","Brisbane Lions","Ninja Stadium",4.10969050422261,3.74593456865783,4.18800417306093,-6.34325580271766,NA,NA,0,-9.50753022996423,0.43910236978373,"Brisbane Lions"
