"compSeason.name","round.roundNumber","home.team.name","away.team.name","venue.name","Home.OffensiveRating","Home.DefensiveRating","Away.OffensiveRating","Away.DefensiveRating","GamesPlayed","GamesWon","HomeGroundAdvantage","PredictedMargin","pr","Winner"
"2025 Toyota AFL Premiership",7,"Melbourne","Richmond","MCG",-0.965945352574997,-10.5603685199846,0.876139517723136,-11.4794561060254,11,6,0.545454545454545,-5.35412338222703,0.465849112537507,"Richmond"
"2025 Toyota AFL Premiership",7,"Collingwood","Essendon","MCG",14.4860078420606,1.40625837559534,-9.61277716385835,-9.59326280583179,9,7,0.777777777777778,24.1536326970354,0.660479305177589,"Collingwood"
"2025 Toyota AFL Premiership",7,"Fremantle","Adelaide","Optus Stadium",4.57666841399948,-10.6389750496074,-0.0220518237399396,-5.81995939076016,11,6,0.545454545454545,-4.51468517407609,0.471219423020666,"Adelaide"
"2025 Toyota AFL Premiership",7,"St Kilda","Brisbane Lions","Marvel Stadium",7.71938786198904,2.12243333956146,4.44925865504536,-3.87413771683697,11,8,0.727272727272727,0.957568910409009,0.506096445727383,"St Kilda"
"2025 Toyota AFL Premiership",7,"Port Adelaide","North Melbourne","Adelaide Oval",5.38114395438499,-1.56716711679947,-19.793687602413,-8.30290092159497,13,9,0.692307692307692,17.0712178644422,0.610909318825595,"Port Adelaide"
"2025 Toyota AFL Premiership",7,"GWS","Footscray","Manuka Oval",13.4198882563629,-0.0204099487148568,6.3842144305388,1.28921088320793,2,2,1,3.66063434951329,0.523325191346546,"GWS"
"2025 Toyota AFL Premiership",7,"Gold Coast","Sydney","People First Stadium",5.36761165181336,-10.9049137453834,-4.51851457519198,-12.8262294562739,7,5,0.714285714285714,8.86355782617543,0.556726958677412,"Gold Coast"
"2025 Toyota AFL Premiership",7,"Carlton","Geelong","MCG",-6.13113545256988,-0.610814465284498,-2.63112784371883,-5.24553783711327,5,2,0.4,-13.9064640887471,0.410285632895656,"Geelong"
"2025 Toyota AFL Premiership",7,"Hawthorn","West Coast","Marvel Stadium",27.2147722618182,13.0798620622307,-3.53908854748256,-9.48091614572917,1,1,1,41.3993912444451,0.810514391167659,"Hawthorn"
