"compSeason.name","round.roundNumber","home.team.name","away.team.name","venue.name","Home.OffensiveRating","Home.DefensiveRating","Away.OffensiveRating","Away.DefensiveRating","GamesPlayed","GamesWon","HomeGroundAdvantage","PredictedMargin","pr","Winner"
"2025 Toyota AFL Premiership",22,"Hawthorn","Collingwood","MCG",7.96654509515146,2.5192110340205,3.86648182360299,-11.3952686147933,5,4,0.8,10.730728654123,0.56884953413555,"Hawthorn"
"2025 Toyota AFL Premiership",22,"Geelong","Essendon","GMHBA Stadium",14.1645997836885,12.7407982691893,-18.2041372535902,-8.79638634233606,11,9,0.818181818181818,34.0283537632323,0.738266512292003,"Geelong"
"2025 Toyota AFL Premiership",22,"Richmond","St Kilda","MCG",-10.3792961207009,-11.6967726895371,-8.5502961134871,-8.03804473479047,9,3,0.333333333333333,-16.2479166508486,0.394649718737823,"St Kilda"
"2025 Toyota AFL Premiership",22,"Brisbane Lions","Sydney","Gabba",14.8607443422437,-25.486174715262,-5.08647741196524,-11.1053979122651,12,8,0.666666666666667,13.9199941294345,0.589804043850213,"Brisbane Lions"
"2025 Toyota AFL Premiership",22,"Carlton","Gold Coast","Marvel Stadium",2.40740518214116,-5.20597235856964,-9.51458540399764,-6.55981388055879,4,0,0,-6.61849404547012,0.45774133214999,"Gold Coast"
"2025 Toyota AFL Premiership",22,"Port Adelaide","Fremantle","Adelaide Oval",0.352594675705409,-10.9472507413719,0.0113159697972982,-5.33145849537777,14,9,0.642857142857143,-7.88562086898313,0.449588102187234,"Fremantle"
"2025 Toyota AFL Premiership",22,"GWS","North Melbourne","Corroboree Group Oval Manuka",0.242338005802234,1.87438178387579,-12.1185190436496,-17.6004874291133,2,0,0,6.43710748754979,0.541093955632165,"GWS"
"2025 Toyota AFL Premiership",22,"Melbourne","Footscray","MCG",17.5628754165136,10.3234021317354,4.67381687834962,-7.93303287756026,10,4,0.4,12.7641895873197,0.582168898834265,"Melbourne"
"2025 Toyota AFL Premiership",22,"West Coast","Adelaide","Optus Stadium",-0.982464658376506,4.90896945214102,7.86034494160206,0.666219049421962,10,1,0.1,-25.6466126220309,0.328559201400657,"Adelaide"
