"compSeason.name","round.roundNumber","home.team.name","away.team.name","venue.name","Home.OffensiveRating","Home.DefensiveRating","Away.OffensiveRating","Away.DefensiveRating","GamesPlayed","GamesWon","HomeGroundAdvantage","PredictedMargin","pr","Winner"
"2025 Toyota AFL Premiership",17,"North Melbourne","Footscray","Marvel Stadium",0.0892084178063675,9.49987709081381,6.5414013537382,-5.23109720391776,7,3,0.428571428571429,-8.67059959748275,0.444520782856401,"Footscray"
"2025 Toyota AFL Premiership",17,"Carlton","Collingwood","MCG",11.9941195448434,17.0056281857372,5.30468444783515,-13.4769566196377,5,2,0.4,16.4507347601987,0.606716568991907,"Carlton"
"2025 Toyota AFL Premiership",17,"West Coast","GWS","Optus Stadium",3.55342411499822,-5.03778072255083,0.140515756866154,-8.44570732217368,11,2,0.181818181818182,-6.27432918689823,0.459950798679792,"GWS"
"2025 Toyota AFL Premiership",17,"Essendon","Gold Coast","Marvel Stadium",0.712832143639284,-8.82853573440831,-19.511974395224,-11.093413874362,6,3,0.5,8.78671971001073,0.556229989639582,"Essendon"
"2025 Toyota AFL Premiership",17,"Geelong","Richmond","GMHBA Stadium",12.1735298475255,-11.8058837692259,-7.58025343643679,-13.065766529145,10,7,0.7,17.9658789097213,0.616990511584196,"Geelong"
"2025 Toyota AFL Premiership",17,"Brisbane Lions","Port Adelaide","Gabba",6.0395078145475,-5.15096825607007,-10.5569889530752,-13.9390616722907,12,8,0.666666666666667,15.833468717712,0.602564565850152,"Brisbane Lions"
"2025 Toyota AFL Premiership",17,"St Kilda","Hawthorn","Marvel Stadium",-0.113706256099777,-7.72161280236767,-1.54451221684516,-9.60109677767929,12,7,0.583333333333333,-3.41307543200602,0.478254777143442,"Hawthorn"
"2025 Toyota AFL Premiership",17,"Sydney","Fremantle","SCG",8.25863222685087,-5.44924409115352,-4.99965565349673,-12.4273154551097,14,7,0.5,10.7751030621146,0.569138798846524,"Sydney"
"2025 Toyota AFL Premiership",17,"Adelaide","Melbourne","Adelaide Oval",13.4037414282995,-8.57720826421802,-1.79733548670253,-2.72811785962477,11,9,0.818181818181818,7.81394893507711,0.549949890851254,"Adelaide"
