"compSeason.name","round.roundNumber","home.team.name","away.team.name","venue.name","Home.OffensiveRating","Home.DefensiveRating","Away.OffensiveRating","Away.DefensiveRating","GamesPlayed","GamesWon","HomeGroundAdvantage","PredictedMargin","pr","Winner"
"2025 Toyota AFL Premiership",19,"Essendon","GWS","Marvel Stadium",-3.44677183052691,8.76909520894942,3.88285950981868,-9.6248084650989,7,3,0.428571428571429,-6.78929876076509,0.456644047379114,"GWS"
"2025 Toyota AFL Premiership",19,"Brisbane Lions","Footscray","Gabba",12.0573699883843,5.76175721820707,7.07989004028857,-8.6674018907667,12,8,0.666666666666667,10.2891385496317,0.565974030828084,"Brisbane Lions"
"2025 Toyota AFL Premiership",19,"Hawthorn","Port Adelaide","University of Tasmania Stadium",10.4441209612692,2.46484128935867,-12.0479317681313,-8.46399585626201,3,3,1,25.0923322314054,0.667345824522879,"Hawthorn"
"2025 Toyota AFL Premiership",19,"Sydney","North Melbourne","SCG",8.16201569442321,12.5241141672441,-11.7155458446258,-11.3079630899738,14,8,0.571428571428571,21.7657807023322,0.643363214379558,"Sydney"
"2025 Toyota AFL Premiership",19,"Carlton","Melbourne","MCG",2.93616059275607,1.66256819378333,6.6109284281723,-2.87751179864124,6,2,0.333333333333333,-12.704978020224,0.418220908689093,"Melbourne"
"2025 Toyota AFL Premiership",19,"West Coast","Richmond","Optus Stadium",0.459265588896062,-9.41022746747336,-5.78355668807681,-12.2074593189568,11,2,0.181818181818182,-4.09602109965039,0.473894665464359,"Richmond"
"2025 Toyota AFL Premiership",19,"Geelong","St Kilda","GMHBA Stadium",10.0580129409473,8.42729843730326,-8.32329308366173,-6.74453107873052,10,7,0.7,17.5506165191261,0.614162479238296,"Geelong"
"2025 Toyota AFL Premiership",19,"Collingwood","Fremantle","MCG",11.1830408861774,-6.68297317775275,-7.53261559138877,-8.51159053322329,9,8,0.888888888888889,17.8941264277693,0.616501175953973,"Collingwood"
"2025 Toyota AFL Premiership",19,"Adelaide","Gold Coast","Adelaide Oval",10.1613727418602,-8.24479477244765,-15.9019623245763,-6.78371600613146,11,9,0.818181818181818,18.6262648501264,0.621508019071875,"Adelaide"
