"compSeason.name","round.roundNumber","home.team.name","away.team.name","venue.name","Home.OffensiveRating","Home.DefensiveRating","Away.OffensiveRating","Away.DefensiveRating","GamesPlayed","GamesWon","HomeGroundAdvantage","PredictedMargin","pr","Winner"
"2025 Toyota AFL Premiership",3,"Essendon","Port Adelaide","Marvel Stadium",4.31108804625334,3.74955138489798,0.283408730769974,-9.06995125711578,7,4,0.571428571428571,3.57936511212988,0.522806453919718,"Essendon"
"2025 Toyota AFL Premiership",3,"Carlton","Footscray","Marvel Stadium",-3.32016592023835,-5.82571866271273,0.815088517094146,-3.54633384668834,6,3,0.5,-15.7430804814485,0.398041891675881,"Footscray"
"2025 Toyota AFL Premiership",3,"Melbourne","Gold Coast","MCG",-6.14238544215996,14.120754602087,-1.87604536290468,-6.20009992974335,10,5,0.5,-7.16544934135768,0.454225729992379,"Gold Coast"
"2025 Toyota AFL Premiership",3,"St Kilda","Richmond","Marvel Stadium",6.69581175330648,-14.0860895453912,0.407645270899724,-10.9603273771263,10,6,0.6,2.19300743309878,0.51396559900478,"St Kilda"
"2025 Toyota AFL Premiership",3,"Hawthorn","GWS","University of Tasmania Stadium",25.5511052630393,10.0298460181408,-16.0640320188509,-4.94935854915562,NA,NA,0,27.6133208187662,0.68623687758587,"Hawthorn"
"2025 Toyota AFL Premiership",3,"Brisbane Lions","Geelong","Gabba",18.2133345060431,6.32486801264803,3.10678247872139,-7.07923602316206,11,8,0.727272727272727,18.5659947318119,0.621094675847512,"Brisbane Lions"
"2025 Toyota AFL Premiership",3,"Adelaide","North Melbourne","Adelaide Oval",4.69637107366724,10.5401950048976,-24.2835031895373,-7.31531174449442,12,6,0.5,19.6889943787732,0.628832780436428,"Adelaide"
"2025 Toyota AFL Premiership",3,"West Coast","Fremantle","Optus Stadium",-4.91896881609813,-9.35407588961323,-7.76458153220415,-10.9486060648119,12,4,0.333333333333333,-7.84591199894327,0.449844084091061,"Fremantle"
