"compSeason.name","round.roundNumber","home.team.name","away.team.name","venue.name","Home.OffensiveRating","Home.DefensiveRating","Away.OffensiveRating","Away.DefensiveRating","GamesPlayed","GamesWon","HomeGroundAdvantage","PredictedMargin","pr","Winner"
"2025 Toyota AFL Premiership",20,"Hawthorn","Carlton","MCG",9.40142357516596,4.61010815754921,-5.68653102079205,-7.36808517481607,5,4,0.8,16.1991342133803,0.605021958991659,"Hawthorn"
"2025 Toyota AFL Premiership",20,"Essendon","Footscray","Marvel Stadium",-5.9512257310611,-12.1781094882851,10.5164630688596,-7.79771779023627,7,3,0.428571428571429,-23.2655463960264,0.34594251875285,"Footscray"
"2025 Toyota AFL Premiership",20,"GWS","Sydney","ENGIE Stadium",-4.00489158542025,-18.1410374631206,-2.73389555220598,-7.92732055513472,9,7,0.777777777777778,-8.33652269596705,0.446679028720154,"Sydney"
"2025 Toyota AFL Premiership",20,"Gold Coast","Brisbane Lions","People First Stadium",9.66033227242666,-0.863461311832751,-2.95345670370602,-4.35722655451271,7,4,0.571428571428571,5.59037473896852,0.535664001273413,"Gold Coast"
"2025 Toyota AFL Premiership",20,"Fremantle","West Coast","Optus Stadium",9.0147712172963,3.62913681123031,-2.11928780442618,-10.2042596482138,12,8,0.666666666666667,13.7483841834646,0.588667157391274,"Fremantle"
"2025 Toyota AFL Premiership",20,"North Melbourne","Geelong","Marvel Stadium",1.96413542947311,-5.97486448103635,10.2874711116045,-10.0205861992961,6,2,0.333333333333333,-11.5432860882659,0.425844190258817,"Geelong"
"2025 Toyota AFL Premiership",20,"Adelaide","Port Adelaide","Adelaide Oval",11.1297338619071,5.44531124963212,-12.071716539562,-8.24069898676796,11,9,0.818181818181818,23.8144153296377,0.65801813738948,"Adelaide"
"2025 Toyota AFL Premiership",20,"Richmond","Collingwood","MCG",-4.69019702023065,11.3528039786046,4.27293547600575,-12.0455390792157,8,3,0.375,-5.88702249302025,0.462434914487262,"Collingwood"
"2025 Toyota AFL Premiership",20,"St Kilda","Melbourne","Marvel Stadium",-1.58162488361897,-7.05038460553236,7.09737626596584,-4.66329583746526,12,6,0.5,-16.4598633177274,0.393221888454226,"Melbourne"
