"compSeason.name","round.roundNumber","home.team.name","away.team.name","venue.name","Home.OffensiveRating","Home.DefensiveRating","Away.OffensiveRating","Away.DefensiveRating","GamesPlayed","GamesWon","HomeGroundAdvantage","PredictedMargin","pr","Winner"
"2025 Toyota AFL Premiership",18,"Carlton","Brisbane Lions","Marvel Stadium",5.48512578225397,5.71664353597475,4.15291826656377,-3.48105145663866,5,1,0.2,-8.1085345634302,0.448150480995284,"Brisbane Lions"
"2025 Toyota AFL Premiership",18,"Gold Coast","Collingwood","People First Stadium",9.76043050895575,0.823355516034624,1.61109618387919,-16.0025090232854,7,4,0.571428571428571,15.411871147219,0.599739119304726,"Gold Coast"
"2025 Toyota AFL Premiership",18,"Footscray","Adelaide","Marvel Stadium",20.0282546933772,9.49150667884822,2.74446650635826,-0.855614924854791,8,7,0.875,18.1926164183682,0.618538722715931,"Footscray"
"2025 Toyota AFL Premiership",18,"GWS","Geelong","ENGIE Stadium",-3.62432507378434,14.0678735507546,1.552750670338,-8.1704377679823,9,7,0.777777777777778,0.485295212399514,0.503089533785821,"GWS"
"2025 Toyota AFL Premiership",18,"Richmond","Essendon","MCG",-1.97766546803693,-5.98259598699214,-16.1119004404952,-7.50456684788574,8,2,0.25,-2.48748943575899,0.484157610732663,"Essendon"
"2025 Toyota AFL Premiership",18,"Fremantle","Hawthorn","Optus Stadium",5.61261031207348,10.7395276567754,-2.61297056725157,-6.0434174498826,12,8,0.666666666666667,8.26022227554689,0.552828396255458,"Fremantle"
"2025 Toyota AFL Premiership",18,"Melbourne","North Melbourne","MCG",13.6180040835638,-7.38801166152072,-11.0168970348395,-6.40127960409048,12,5,0.416666666666667,12.4677564532924,0.580218640766293,"Melbourne"
"2025 Toyota AFL Premiership",18,"St Kilda","Sydney","Marvel Stadium",0.895122791599575,-3.91253780730412,-4.98365878213825,-9.93590486317926,12,7,0.583333333333333,2.01077453364619,0.512804441248381,"St Kilda"
"2025 Toyota AFL Premiership",18,"Port Adelaide","West Coast","Adelaide Oval",-1.12316448264948,-4.6430442403093,-1.94815595117292,-8.9637060726914,15,10,0.666666666666667,-2.16200006161899,0.486231987517258,"West Coast"
