"compSeason.name","round.roundNumber","home.team.name","away.team.name","venue.name","Home.OffensiveRating","Home.DefensiveRating","Away.OffensiveRating","Away.DefensiveRating","GamesPlayed","GamesWon","HomeGroundAdvantage","PredictedMargin","pr","Winner"
"2025 Toyota AFL Premiership",6,"Brisbane Lions","Collingwood","Gabba",16.9109148468244,-8.71605960789063,5.62740523601527,-7.20106335072667,12,10,0.833333333333333,11.4999485859009,0.573872284488778,"Brisbane Lions"
"2025 Toyota AFL Premiership",6,"North Melbourne","Carlton","Marvel Stadium",1.48908009217449,-17.4744064095388,-5.00723179726083,-0.959055924563595,7,3,0.428571428571429,-14.1227684050826,0.408851091343483,"Carlton"
"2025 Toyota AFL Premiership",6,"West Coast","Essendon","Optus Stadium",-4.01501287198592,-2.26689169062918,-7.87996932928147,-10.5806384713012,12,4,0.333333333333333,-4.30750082684722,0.472543563536246,"Essendon"
"2025 Toyota AFL Premiership",6,"Melbourne","Fremantle","MCG",-0.690118639371676,9.25792119176277,-3.5055912385815,-8.53860040024078,10,5,0.5,0.782802408270636,0.504983678516867,"Melbourne"
"2025 Toyota AFL Premiership",6,"Adelaide","GWS","Adelaide Oval",11.3549496076599,1.32151580936375,-11.3953695463494,-2.99804802208868,13,7,0.538461538461538,11.4631607993546,0.573631656023069,"Adelaide"
"2025 Toyota AFL Premiership",6,"Richmond","Gold Coast","Marvel Stadium",-5.31350929120586,-5.04345175024933,8.13970766428066,-1.65230679242819,1,0,0,-31.1691361971362,0.285757878354136,"Gold Coast"
"2025 Toyota AFL Premiership",6,"Sydney","Port Adelaide","SCG",0.0874023043183678,-17.2108177759284,-5.53275897381708,-8.50260873017959,13,9,0.692307692307692,-3.74392561278047,0.476143100324607,"Port Adelaide"
"2025 Toyota AFL Premiership",6,"Footscray","St Kilda","Marvel Stadium",4.44805249289915,-8.52236104514392,-6.34223381638539,-2.76741250390101,8,5,0.625,-2.16771068262888,0.486195598450572,"St Kilda"
"2025 Toyota AFL Premiership",6,"Geelong","Hawthorn","MCG",22.7268046423818,8.07975816543822,-6.31301383606798,-4.28264505183918,3,2,0.666666666666667,26.4573514229989,0.67748800598083,"Geelong"
