"compSeason.name","round.roundNumber","home.team.name","away.team.name","venue.name","Home.OffensiveRating","Home.DefensiveRating","Away.OffensiveRating","Away.DefensiveRating","GamesPlayed","GamesWon","HomeGroundAdvantage","PredictedMargin","pr","Winner"
"2025 Toyota AFL Premiership",12,"Brisbane Lions","Essendon","Gabba",5.25193730389734,-2.1125981621216,-7.87699252067369,-5.87700259690654,12,9,0.75,6.54694988485763,0.541799204213582,"Brisbane Lions"
"2025 Toyota AFL Premiership",12,"Collingwood","Hawthorn","MCG",14.6937938701668,-4.48039299053601,-3.13066092830758,-9.99108058110954,11,8,0.727272727272727,17.5618343961381,0.614238750762869,"Collingwood"
"2025 Toyota AFL Premiership",12,"Gold Coast","Fremantle","People First Stadium",9.59208112894933,-1.50228956566484,-1.35039950444823,-14.874533328469,7,5,0.714285714285714,16.7683442850394,0.608860275624698,"Gold Coast"
"2025 Toyota AFL Premiership",12,"GWS","Richmond","ENGIE Stadium",18.8601470261999,-0.0617431732784581,-8.64334487771818,-18.2610008906483,9,6,0.666666666666667,35.3985982103177,0.750389707852233,"GWS"
"2025 Toyota AFL Premiership",12,"Sydney","Adelaide","SCG",7.65978932318484,1.28062416071437,1.71159296100445,-7.93155704366058,13,8,0.615384615384615,4.89300463545228,0.531199768700627,"Sydney"
"2025 Toyota AFL Premiership",12,"Melbourne","St Kilda","TIO Traeger Park",2.89304924651611,-3.79703430943166,-5.90172084998606,-4.82089760512697,1,0,0,-8.99451998874461,0.442425689058527,"St Kilda"
"2025 Toyota AFL Premiership",12,"West Coast","Geelong","Optus Stadium",-4.51858759017636,-5.38484928940836,-9.67435953752691,-4.73482599175293,11,2,0.181818181818182,-13.3070481941839,0.414251332895072,"Geelong"
