"compSeason.name","round.roundNumber","home.team.name","away.team.name","venue.name","Home.OffensiveRating","Home.DefensiveRating","Away.OffensiveRating","Away.DefensiveRating","GamesPlayed","GamesWon","HomeGroundAdvantage","PredictedMargin","pr","Winner"
"2025 Toyota AFL Premiership",13,"Footscray","Hawthorn","Marvel Stadium",16.0040222109386,3.53945232148746,0.495339859093072,-7.86930761891201,8,7,0.875,19.9181785416571,0.63042176209022,"Footscray"
"2025 Toyota AFL Premiership",13,"Adelaide","Brisbane Lions","Adelaide Oval",11.8208413135985,8.6864349606982,3.30788789210901,-7.71676215135518,12,8,0.666666666666667,11.9130963032509,0.576577669500795,"Adelaide"
"2025 Toyota AFL Premiership",13,"Richmond","Sydney","MCG",-4.94077086270296,3.0504448116403,2.12646060432597,-9.54049867588065,8,2,0.25,-12.414439837312,0.420131805164303,"Sydney"
"2025 Toyota AFL Premiership",13,"Geelong","Gold Coast","GMHBA Stadium",19.9956037919439,-2.4859809198857,1.96899854994872,-5.26216244464459,9,7,0.777777777777778,16.9359775019142,0.609993785187089,"Geelong"
"2025 Toyota AFL Premiership",13,"GWS","Port Adelaide","Corroboree Group Oval Manuka",14.3921805848221,8.29405367577884,-11.2533208845403,-15.4246570872421,1,0,0,21.5267709207831,0.641675244091937,"GWS"
"2025 Toyota AFL Premiership",13,"North Melbourne","West Coast","Hands Oval",-1.84482048802659,-7.87746731402002,-5.42772443170012,-15.7267889512974,NA,NA,0,-5.50307470355448,0.464895219755983,"West Coast"
"2025 Toyota AFL Premiership",13,"Carlton","Essendon","MCG",6.54587002918569,5.05331886719078,-12.7005770818646,-10.0801424955468,4,2,0.5,14.922195860996,0.596467584093616,"Carlton"
"2025 Toyota AFL Premiership",13,"Melbourne","Collingwood","MCG",15.4748512430771,7.71135813360797,2.03216667798713,-9.0689816274685,12,6,0.5,15.1957770725905,0.59829406768147,"Melbourne"
