"compSeason.name","round.roundNumber","home.team.name","away.team.name","venue.name","Home.OffensiveRating","Home.DefensiveRating","Away.OffensiveRating","Away.DefensiveRating","GamesPlayed","GamesWon","HomeGroundAdvantage","PredictedMargin","pr","Winner"
"2025 Toyota AFL Premiership",21,"Footscray","GWS","Marvel Stadium",21.179749050661,-10.3173556209169,8.66531490776151,-7.69804505480514,8,6,0.75,13.9649654682369,0.590102165350909,"Footscray"
"2025 Toyota AFL Premiership",21,"Adelaide","Hawthorn","Adelaide Oval",7.99800034630787,11.863868528677,-4.64283390501217,-6.20165463628432,12,10,0.833333333333333,15.991018662439,0.603622567619417,"Adelaide"
"2025 Toyota AFL Premiership",21,"Melbourne","West Coast","Marvel Stadium",12.2706478305636,10.2597937802295,-3.56832427577622,-12.042526518222,NA,NA,0,10.4056201396907,0.566731984007311,"Melbourne"
"2025 Toyota AFL Premiership",21,"Gold Coast","Richmond","People First Stadium",4.77634869996727,-4.17687895579756,-9.34386725973438,-9.06711826102822,8,5,0.625,9.64445950327864,0.561785790330285,"Gold Coast"
"2025 Toyota AFL Premiership",21,"Sydney","Essendon","SCG",5.88493348787409,11.8281946066765,-16.773529968687,-9.39038551105751,14,8,0.571428571428571,20.6252395756846,0.635345996157693,"Sydney"
"2025 Toyota AFL Premiership",21,"Collingwood","Brisbane Lions","MCG",10.5557192900134,-8.34364568282781,3.97535437356291,-5.46620230057154,10,8,0.8,4.80859397799704,0.530659846791998,"Collingwood"
"2025 Toyota AFL Premiership",21,"St Kilda","North Melbourne","Marvel Stadium",1.5890291199243,-6.38876090401157,-10.7845146510936,-13.4418418487103,12,6,0.5,8.73266981483214,0.555880491952364,"St Kilda"
"2025 Toyota AFL Premiership",21,"Geelong","Port Adelaide","GMHBA Stadium",12.9982603337356,5.44195328064461,-16.9049199993908,-7.60853850493674,10,8,0.8,28.6638559215847,0.694328148977308,"Geelong"
"2025 Toyota AFL Premiership",21,"Fremantle","Carlton","Optus Stadium",6.3063286894518,8.2167123946848,-0.382685438819465,-7.55339934779051,12,8,0.666666666666667,8.39550740518543,0.553701849015357,"Fremantle"
