"compSeason.name","round.roundNumber","home.team.name","away.team.name","venue.name","Home.OffensiveRating","Home.DefensiveRating","Away.OffensiveRating","Away.DefensiveRating","GamesPlayed","GamesWon","HomeGroundAdvantage","PredictedMargin","pr","Winner"
"2025 Toyota AFL Premiership",16,"Port Adelaide","Carlton","Adelaide Oval",5.36909707452981,0.00658101300899716,-3.52175184221159,-6.57635393587824,15,9,0.6,3.97928582583528,0.525359739517513,"Port Adelaide"
"2025 Toyota AFL Premiership",16,"Sydney","Footscray","SCG",11.4538761614915,6.51456210092236,0.226338805773189,-1.58394243883822,13,7,0.538461538461538,4.93218960058154,0.531450440801802,"Sydney"
"2025 Toyota AFL Premiership",16,"Gold Coast","Melbourne","People First Stadium",12.4296152987226,4.33333594544339,-0.220047705083008,-5.04385495772547,7,4,0.571428571428571,9.52969184909811,0.561041343701549,"Gold Coast"
"2025 Toyota AFL Premiership",16,"Hawthorn","North Melbourne","UTAS Stadium",13.6020696921372,-5.44648437568843,-14.8502062533233,-5.63202804522714,4,4,1,22.5569219805075,0.648981936343843,"Hawthorn"
"2025 Toyota AFL Premiership",16,"Collingwood","West Coast","Marvel Stadium",12.1573487975403,0.972036438531205,-4.5247954652466,-16.5052112545119,1,1,1,28.54048646293,0.693370610877065,"Collingwood"
"2025 Toyota AFL Premiership",16,"Richmond","Adelaide","MCG",-5.30137812186616,3.15924829499491,0.738254913026125,-6.13447974801423,8,2,0.25,-14.6590990902594,0.405285816593953,"Adelaide"
"2025 Toyota AFL Premiership",16,"Fremantle","St Kilda","Optus Stadium",5.59944133810494,19.0357709551723,-6.52330559472268,-6.31176246017257,12,8,0.666666666666667,14.1366612352289,0.591241111387812,"Fremantle"
