"compSeason.name","round.roundNumber","home.team.name","away.team.name","venue.name","Home.OffensiveRating","Home.DefensiveRating","Away.OffensiveRating","Away.DefensiveRating","GamesPlayed","GamesWon","HomeGroundAdvantage","PredictedMargin","pr","Winner"
"2025 Toyota AFL Premiership",8,"Essendon","North Melbourne","Marvel Stadium",3.01444490460968,1.5113359334042,-22.408848989503,-8.90329892310218,7,4,0.571428571428571,15.6232908716113,0.601154972784996,"Essendon"
"2025 Toyota AFL Premiership",8,"St Kilda","Fremantle","Marvel Stadium",13.2441276048856,-15.2043163941601,0.873594431667378,-8.74496626705749,12,8,0.666666666666667,7.49688208894309,0.547907293483946,"St Kilda"
"2025 Toyota AFL Premiership",8,"Footscray","Port Adelaide","Mars Stadium",5.4369494379332,-4.67512938631286,-6.26231782932097,-12.8433637779736,1,1,1,15.7340379498299,0.601897458818885,"Footscray"
"2025 Toyota AFL Premiership",8,"Adelaide","Carlton","Adelaide Oval",15.1568922036003,5.05944074711311,-9.13174569176313,1.24208134194536,13,8,0.615384615384615,12.0577224230836,0.577526038078561,"Adelaide"
"2025 Toyota AFL Premiership",8,"Collingwood","Geelong","MCG",15.6245670916356,3.62171695582835,2.15590712983234,-4.19297733950476,10,8,0.8,13.0406554174174,0.583990636542837,"Collingwood"
"2025 Toyota AFL Premiership",8,"West Coast","Melbourne","Optus Stadium",-7.12255780755549,-1.70044026473501,-4.69071774336063,-12.042792310591,11,2,0.181818181818182,-10.1508336519918,0.434925435809748,"Melbourne"
"2025 Toyota AFL Premiership",8,"Sydney","GWS","SCG",1.61569518798562,-1.75270868328438,-5.84378283055799,-6.92538428903062,13,8,0.615384615384615,0.855540360331793,0.50544680490218,"Sydney"
"2025 Toyota AFL Premiership",8,"Hawthorn","Richmond","MCG",22.7744354468494,9.33853496455712,-5.20129760345022,-12.4490758979302,5,4,0.8,36.4380819302711,0.75990376705601,"Hawthorn"
"2025 Toyota AFL Premiership",8,"Brisbane Lions","Gold Coast","Gabba",14.9629823324152,-10.398011149088,12.8799618422865,-2.46142615095944,12,10,0.833333333333333,-0.862762194902849,0.494507212682171,"Gold Coast"
