"compSeason.name","round.roundNumber","home.team.name","away.team.name","venue.name","Home.OffensiveRating","Home.DefensiveRating","Away.OffensiveRating","Away.DefensiveRating","GamesPlayed","GamesWon","HomeGroundAdvantage","PredictedMargin","pr","Winner"
"2025 Toyota AFL Premiership",4,"Collingwood","Carlton","MCG",8.01007302047547,-8.65428130347513,-4.67451892800018,-3.69405853010929,9,7,0.777777777777778,3.23902353852034,0.520634713770159,"Collingwood"
"2025 Toyota AFL Premiership",4,"Geelong","Melbourne","GMHBA Stadium",14.2817517072321,7.32166462587311,-4.21446041515344,-8.52997206964896,9,6,0.666666666666667,19.6827901338511,0.628789812525978,"Geelong"
"2025 Toyota AFL Premiership",4,"Gold Coast","Adelaide","People First Stadium",7.13396847120273,-0.164376242904254,-5.94758435587775,-5.22090576252253,7,5,0.714285714285714,6.99609212317137,0.544685131302089,"Gold Coast"
"2025 Toyota AFL Premiership",4,"Richmond","Brisbane Lions","MCG",-1.38787510540943,-8.1773936263083,4.63334527358403,-4.95643176671461,10,2,0.2,-19.495861425925,0.372503615461019,"Brisbane Lions"
"2025 Toyota AFL Premiership",4,"North Melbourne","Sydney","Marvel Stadium",0.668327415694833,4.52305398182682,-3.85661578004138,-11.503596747444,6,3,0.5,3.92924529042593,0.525040170624069,"North Melbourne"
"2025 Toyota AFL Premiership",4,"GWS","West Coast","ENGIE Stadium",6.62557278434717,-11.3335656560999,-9.56244530433994,-13.9488553130408,8,5,0.625,12.6777556654684,0.581599920489412,"GWS"
"2025 Toyota AFL Premiership",4,"Port Adelaide","St Kilda","Adelaide Oval",13.5104582639942,5.44547162668314,-4.24853170773167,-5.11612667721081,14,10,0.714285714285714,15.124400273759,0.597817221957122,"Port Adelaide"
"2025 Toyota AFL Premiership",4,"Fremantle","Footscray","Optus Stadium",10.9921756699835,6.30822612582872,1.50455029309962,-3.39020957853115,10,5,0.5,4.24385807934193,0.5270497845571,"Fremantle"
