"compSeason.name","round.roundNumber","home.team.name","away.team.name","venue.name","Home.OffensiveRating","Home.DefensiveRating","Away.OffensiveRating","Away.DefensiveRating","GamesPlayed","GamesWon","HomeGroundAdvantage","PredictedMargin","pr","Winner"
"2025 Toyota AFL Premiership",23,"Essendon","St Kilda","Marvel Stadium",-1.18802356377753,-11.9206660967001,-6.27998773644401,-10.4231949420607,8,3,0.375,-4.68360224841645,0.470139484695272,"St Kilda"
"2025 Toyota AFL Premiership",23,"Fremantle","Brisbane Lions","Optus Stadium",14.1769233780186,-1.407794810408,0.0681352298488562,-3.84557981090254,12,8,0.666666666666667,9.69625423922618,0.562121871566536,"Fremantle"
"2025 Toyota AFL Premiership",23,"Gold Coast","GWS","People First Stadium",11.3600388127053,10.6276578046279,5.69775989304621,-6.32031617667781,8,6,0.75,10.657994667594,0.568375525816278,"Gold Coast"
"2025 Toyota AFL Premiership",23,"Carlton","Port Adelaide","Marvel Stadium",-1.96372267182441,4.22045439448363,-20.154330701569,-6.38332284003005,5,0,0,-2.20574220357584,0.485953250381008,"Port Adelaide"
"2025 Toyota AFL Premiership",23,"Hawthorn","Melbourne","MCG",8.71839368697107,2.66925971903069,4.15794549438077,-3.36035978390671,6,5,0.833333333333333,4.83185494225865,0.530808623658072,"Hawthorn"
"2025 Toyota AFL Premiership",23,"Adelaide","Collingwood","Adelaide Oval",10.779480338811,10.1319063889671,3.63847273108951,-7.5940110696537,12,11,0.916666666666667,15.709008313783,0.601729601570134,"Adelaide"
"2025 Toyota AFL Premiership",23,"North Melbourne","Richmond","Ninja Stadium",-1.14822117463053,-8.87997926258085,-5.28496120264543,-8.73843504686282,1,0,0,-13.1238280460131,0.415460758913701,"Richmond"
"2025 Toyota AFL Premiership",23,"Sydney","Geelong","SCG",7.33980319617467,18.1564828147191,9.29370385217392,-8.30078992356817,13,8,0.615384615384615,5.69854615874374,0.53635707246197,"Sydney"
"2025 Toyota AFL Premiership",23,"Footscray","West Coast","Marvel Stadium",18.1971589945492,-10.0744929377349,-4.63855166034376,-14.1916841308748,8,6,0.75,26.8542673887616,0.680474696612663,"Footscray"
