"compSeason.name","round.roundNumber","home.team.name","away.team.name","venue.name","Home.OffensiveRating","Home.DefensiveRating","Away.OffensiveRating","Away.DefensiveRating","GamesPlayed","GamesWon","HomeGroundAdvantage","PredictedMargin","pr","Winner"
"2026 Toyota AFL Premiership",12,"St Kilda","Hawthorn","Marvel Stadium",9.53896936024281,8.11884195003598,8.29648349470264,-9.83967419212003,75,37,0.00358326881464277,2.59392591226561,0.484431908854572,"Hawthorn"
"2026 Toyota AFL Premiership",12,"Carlton","Geelong","MCG",6.36419280258919,0.252164290064922,2.81296583249293,-11.3030681902321,39,18,-0.0134952081005114,1.60139489871663,0.451816179937555,"Geelong"
"2026 Toyota AFL Premiership",12,"Sydney","Richmond","SCG",22.9095750221299,-0.0613380805222392,-10.7422617064794,-11.2805781055508,87,53,0.104159034210848,14.376508655314,0.8165803542846,"Sydney"
"2026 Toyota AFL Premiership",12,"Brisbane Lions","Fremantle","Gabba",27.8381791621371,-6.28110783380999,-7.21754024600386,-4.63521488121906,100,73,0.12,12.3084451150839,0.772117139063134,"Brisbane Lions"
"2026 Toyota AFL Premiership",12,"Footscray","Collingwood","Marvel Stadium",12.2301590875647,-11.1382172845915,4.45198548069354,-14.0353340688072,71,40,0.0639969203237821,2.73477197983688,0.489077549900865,"Collingwood"
"2026 Toyota AFL Premiership",12,"Melbourne","GWS","TIO Traeger Park",15.5802633819603,-14.8740523485295,-2.62853593650131,-8.34897402049871,7,3,0.0164075993091537,3.23733122223001,0.505663652635776,"Melbourne"
"2026 Toyota AFL Premiership",12,"West Coast","Essendon","Optus Stadium",-1.87211925191949,0.568796229513235,-6.590695098578,-11.631012275314,92,42,-0.0306563039723662,1.79204823440045,0.458057916405402,"Essendon"
