"compSeason.name","round.roundNumber","home.team.name","away.team.name","venue.name","Home.OffensiveRating","Home.DefensiveRating","Away.OffensiveRating","Away.DefensiveRating","GamesPlayed","GamesWon","HomeGroundAdvantage","PredictedMargin","pr","Winner"
"2026 Toyota AFL Premiership",6,"Carlton","Collingwood","MCG",5.4614261242854,4.4416574359683,-11.367095980243,-10.196631173663,38,18,-0.00481283422459894,7.73834350193547,0.625436983358731,"Carlton"
"2026 Toyota AFL Premiership",6,"Geelong","Footscray","GMHBA Stadium",17.9656237766113,17.603956091778,7.8010622240562,-7.62459310034571,69,55,0.12,11.5497572731838,0.699099067441345,"Geelong"
"2026 Toyota AFL Premiership",6,"Sydney","GWS","SCG",16.3624042075608,-2.08088377040896,0.537658414510823,-13.0425653122376,84,50,0.0912433155080213,9.13006863383075,0.653238729428528,"Sydney"
"2026 Toyota AFL Premiership",6,"Gold Coast","Essendon","People First Stadium",19.403787930251,16.7549460332836,-14.2998145399788,-13.9160730626461,71,34,-0.00892339411120419,21.3585350662677,0.844631556146709,"Gold Coast"
"2026 Toyota AFL Premiership",6,"Hawthorn","Port Adelaide","Marvel Stadium",18.5028809432093,-8.99341129604127,-15.1149052697041,-12.4162246609695,8,5,0.0879679144385026,15.913861306449,0.772280252894551,"Hawthorn"
"2026 Toyota AFL Premiership",6,"Adelaide","St Kilda","Adelaide Oval",-2.70329200824273,0.482009990939375,3.81538602932011,-9.24068161156033,92,48,0.0265322912381736,-4.91276844301418,0.358073938048386,"St Kilda"
"2026 Toyota AFL Premiership",6,"North Melbourne","Richmond","Marvel Stadium",20.2586623982312,-7.09547740293432,-10.7255801996063,-15.3698823707632,52,17,-0.12,9.43784963185981,0.659255964734977,"North Melbourne"
"2026 Toyota AFL Premiership",6,"Melbourne","Brisbane Lions","MCG",21.2286181638651,-1.48055437657903,3.63331591433005,-3.78281830985737,74,41,0.0553413754508145,6.21002756031816,0.593930297715677,"Melbourne"
"2026 Toyota AFL Premiership",6,"West Coast","Fremantle","Optus Stadium",-4.41107014485538,-2.5700192740676,11.9148920194514,-5.54753626380729,89,41,-0.0271350664478213,-13.8116930303731,0.205059047944078,"Fremantle"
