"compSeason.name","round.roundNumber","home.team.name","away.team.name","venue.name","Home.OffensiveRating","Home.DefensiveRating","Away.OffensiveRating","Away.DefensiveRating","GamesPlayed","GamesWon","HomeGroundAdvantage","PredictedMargin","pr","Winner"
"2026 Toyota AFL Premiership",11,"Hawthorn","Adelaide","UTAS Stadium",20.4568691441746,2.51949564058805,-1.61097821209218,-10.4231341386631,31,23,0.12,12.9425575398876,0.744226285188824,"Hawthorn"
"2026 Toyota AFL Premiership",11,"Richmond","Essendon","MCG",-6.37365763778941,-4.82790244685782,-11.0802111956796,-14.5667118905644,78,44,0.0643518518518518,2.42703306938962,0.504907702704495,"Richmond"
"2026 Toyota AFL Premiership",11,"Fremantle","St Kilda","Optus Stadium",21.2890459165686,-5.44271038506086,0.00313420112462254,-8.75756331002039,89,54,0.101897689768977,9.32169080765447,0.669747608329199,"Fremantle"
"2026 Toyota AFL Premiership",11,"North Melbourne","Gold Coast","Marvel Stadium",13.4971931094556,-25.2942376663505,0.542387506180158,-12.3175814446633,54,18,-0.12,-5.41933408266334,0.318067217036442,"Gold Coast"
"2026 Toyota AFL Premiership",11,"Geelong","Sydney","GMHBA Stadium",28.024895099308,5.48974823134676,18.1531639793742,-3.91993557251167,71,57,0.12,6.28661171451442,0.599753898992265,"Geelong"
"2026 Toyota AFL Premiership",11,"Collingwood","West Coast","MCG",-6.09435233431686,-19.3440474498281,-5.31714173870914,-11.1251419155387,75,45,0.0953065134099617,-4.37336868995762,0.341102864289609,"West Coast"
"2026 Toyota AFL Premiership",11,"Port Adelaide","Carlton","Adelaide Oval",21.9586134264996,-2.98897520184487,-0.0873062700935576,-2.33804330777628,98,64,0.12,9.04872792544721,0.663700477660409,"Port Adelaide"
"2026 Toyota AFL Premiership",11,"GWS","Brisbane Lions","ENGIE Stadium",18.117208951432,15.2825706094027,2.31818975169355,-6.47565857420345,62,42,0.12,12.5588168421534,0.736875613207635,"GWS"
"2026 Toyota AFL Premiership",11,"Footscray","Melbourne","Marvel Stadium",14.1629345273707,0.421622620604224,3.61802004165174,-7.07125853283877,70,39,0.0584349593495934,4.32232223328354,0.551960695036138,"Footscray"
