"compSeason.name","round.roundNumber","home.team.name","away.team.name","venue.name","Home.OffensiveRating","Home.DefensiveRating","Away.OffensiveRating","Away.DefensiveRating","GamesPlayed","GamesWon","HomeGroundAdvantage","PredictedMargin","pr","Winner"
"2026 Toyota AFL Premiership",19,"Geelong","St Kilda","GMHBA Stadium",17.2143352623595,-16.5710339221982,-2.40226959590131,-7.8269857677717,74,59,0.12,5.49655168245981,0.583015622060014,"Geelong"
"2026 Toyota AFL Premiership",19,"Sydney","Adelaide","SCG",31.4852704923223,18.3375532546332,-3.87316625847947,-6.68796097334802,90,56,0.11582421913489,21.1193060031634,0.884664913377249,"Sydney"
"2026 Toyota AFL Premiership",19,"Port Adelaide","Fremantle","Adelaide Oval",8.75793380804705,-3.5372141683616,9.9740558656049,-13.2190488563444,102,66,0.12,1.53627903236834,0.475935462380208,"Fremantle"
"2026 Toyota AFL Premiership",19,"North Melbourne","Melbourne","Marvel Stadium",0.842537904168431,-1.75494859041548,1.30674248883752,-2.56971739523038,56,20,-0.105675436003547,-6.26522466548502,0.27961788422206,"Melbourne"
"2026 Toyota AFL Premiership",19,"Collingwood","Carlton","MCG",10.8485888041676,2.75858443274764,7.51683688744466,-9.59263565403523,79,48,0.102352421447899,3.73797336076831,0.535827623535047,"Collingwood"
"2026 Toyota AFL Premiership",19,"West Coast","Brisbane Lions","Optus Stadium",7.80224285419352,4.15252336826038,13.7796815826314,-3.79435395036298,95,43,-0.0344479406377683,-4.89476440321867,0.310659660001143,"Brisbane Lions"
"2026 Toyota AFL Premiership",19,"Richmond","Hawthorn","MCG",-5.32862476744839,-18.6309225959393,0.952059056569595,-11.2344779356765,81,45,0.0571405414167612,-6.78637312672952,0.26832443442179,"Hawthorn"
"2026 Toyota AFL Premiership",19,"Gold Coast","Footscray","People First Stadium",6.36360285735934,-16.4227215661176,-10.6287526387291,-13.7476349249897,76,36,-0.0134764732754682,2.59535357078906,0.504764998638677,"Gold Coast"
"2026 Toyota AFL Premiership",19,"Essendon","GWS","Marvel Stadium",-7.34591255795405,-9.27756936623572,-5.88307273416824,-10.1057778713103,51,31,0.100223338916806,-1.43757360157878,0.396432183033573,"GWS"
