"compSeason.name","round.roundNumber","home.team.name","away.team.name","venue.name","Home.OffensiveRating","Home.DefensiveRating","Away.OffensiveRating","Away.DefensiveRating","GamesPlayed","GamesWon","HomeGroundAdvantage","PredictedMargin","pr","Winner"
"2026 Toyota AFL Premiership",4,"Brisbane Lions","Collingwood","Gabba",24.0290900652401,-14.0768520668141,-5.49723758674188,-6.34730983360147,96,70,0.12,9.75001318588126,0.6853502864061,"Brisbane Lions"
"2026 Toyota AFL Premiership",4,"North Melbourne","Carlton","Marvel Stadium",10.6092238327646,19.9927833487448,-11.4433057498084,-9.16379748152047,51,16,-0.12,10.2868675057278,0.697857894691448,"North Melbourne"
"2026 Toyota AFL Premiership",4,"Adelaide","Fremantle","Adelaide Oval",-5.28585395821369,-9.26797150204425,4.45335713815463,-8.51740222873472,90,47,0.0269519572534896,-6.44207976816977,0.27083022978139,"Fremantle"
"2026 Toyota AFL Premiership",4,"Richmond","Port Adelaide","MCG",-11.789435042763,1.04202303357057,-21.5558464454467,-9.11209786186091,75,44,0.0833229843661603,5.4913119653119,0.577674374814844,"Richmond"
"2026 Toyota AFL Premiership",4,"West Coast","Sydney","Optus Stadium",-10.0419733250502,5.26843156243759,-0.181370015436521,-11.416182842423,88,41,-0.0225090036014406,-3.27107443074579,0.344342443989816,"Sydney"
"2026 Toyota AFL Premiership",4,"Melbourne","Gold Coast","MCG",13.0728935206272,5.79861254287272,-4.34784254800828,-9.58013644559685,73,40,0.049989407527717,9.06780393599036,0.669061404976078,"Melbourne"
"2026 Toyota AFL Premiership",4,"Footscray","Essendon","Marvel Stadium",23.7892548494149,-0.632384981721955,-17.9411640898269,-14.2182130814936,67,38,0.0664442992386828,18.7344483785791,0.853205052651099,"Footscray"
"2026 Toyota AFL Premiership",4,"Hawthorn","Geelong","MCG",8.0165679243435,2.35193770694721,16.4453015897405,-7.41040842059154,43,24,0.0590745389064716,-2.47307890929849,0.364282180852362,"Geelong"
