"compSeason.name","round.roundNumber","home.team.name","away.team.name","venue.name","Home.OffensiveRating","Home.DefensiveRating","Away.OffensiveRating","Away.DefensiveRating","GamesPlayed","GamesWon","HomeGroundAdvantage","PredictedMargin","pr","Winner"
"2026 Toyota AFL Premiership",14,"Footscray","Adelaide","Marvel Stadium",9.78172830286029,-10.7530699950956,-2.64556930963489,-10.0591566925759,72,41,0.0689823874755382,3.21283136896913,0.525380541491349,"Footscray"
"2026 Toyota AFL Premiership",14,"Geelong","Gold Coast","GMHBA Stadium",23.0457977488281,-19.0613360532331,4.17011144728908,-11.0092134540268,72,58,0.12,5.39251721177718,0.580370567728362,"Geelong"
"2026 Toyota AFL Premiership",14,"Melbourne","Essendon","MCG",11.4099464501032,4.43885251917473,-5.58386094276328,-12.6828428893184,76,43,0.0658468244084682,10.1522319335164,0.692230102577738,"Melbourne"
"2026 Toyota AFL Premiership",14,"North Melbourne","West Coast","Optus Stadium",12.2111762242373,-12.0685706950944,-4.78328973207259,-11.344640002004,1,0,0.0226554267650158,3.99196045357765,0.545178541004444,"North Melbourne"
"2026 Toyota AFL Premiership",14,"Port Adelaide","Sydney","Adelaide Oval",9.7417910289477,-9.57534188395568,16.6064857737058,-3.36705021550312,99,64,0.12,-5.54708053006857,0.311452468230204,"Sydney"
"2026 Toyota AFL Premiership",14,"Richmond","Brisbane Lions","Ninja Stadium",-8.14544874265045,-0.0930926831655814,6.71164483000952,-4.28853468606257,NA,NA,0.0662100456621004,-7.63522273712134,0.267631954184291,"Brisbane Lions"
"2026 Toyota AFL Premiership",14,"St Kilda","GWS","Marvel Stadium",15.0605579819123,-12.155857816699,-5.55919798029187,-5.63805866438954,76,37,-0.00233499377334995,3.31054537151026,0.527869171483521,"St Kilda"
