"compSeason.name","round.roundNumber","home.team.name","away.team.name","venue.name","Home.OffensiveRating","Home.DefensiveRating","Away.OffensiveRating","Away.DefensiveRating","GamesPlayed","GamesWon","HomeGroundAdvantage","PredictedMargin","pr","Winner"
"2026 Toyota AFL Premiership",2,"Hawthorn","Sydney","MCG",13.3848392982133,-1.39400794394014,0.467391257734267,-11.2920396550691,42,23,0.0510268137386781,6.01943798520976,0.590658504594033,"Hawthorn"
"2026 Toyota AFL Premiership",2,"Adelaide","Footscray","Adelaide Oval",5.21141981249153,11.2371584635005,8.73666077016512,-5.06143463974262,89,47,0.0322321578404814,-0.835618884174211,0.438389695067976,"Footscray"
"2026 Toyota AFL Premiership",2,"Richmond","Gold Coast","MCG",-14.8288707643886,-28.4084666247517,-5.12927093981981,-10.887768076633,74,44,0.090179627231263,-12.3895271295321,0.217001698915261,"Gold Coast"
"2026 Toyota AFL Premiership",2,"GWS","St Kilda","ENGIE Stadium",19.2589020844653,-0.555724548555446,-6.33689681840543,-15.2862426450429,60,41,0.12,15.9155021009558,0.777927330367862,"GWS"
"2026 Toyota AFL Premiership",2,"Fremantle","Melbourne","Optus Stadium",6.71424958640079,2.59572122964806,-3.3687975407973,-3.30448645451983,85,50,0.0851077107411198,4.42933734748886,0.555810126147967,"Fremantle"
"2026 Toyota AFL Premiership",2,"Port Adelaide","Essendon","Adelaide Oval",7.51077651196127,-12.8213933550259,-15.7977591539768,-13.9520626138828,93,62,0.12,10.6587646778201,0.686216618178683,"Port Adelaide"
"2026 Toyota AFL Premiership",2,"West Coast","North Melbourne","Optus Stadium",-8.40194235346154,-8.27062766454909,-13.4260570665707,-20.773923164645,87,40,-0.0277227480617311,0.467794743641933,0.467326425130078,"North Melbourne"
