"compSeason.name","round.roundNumber","home.team.name","away.team.name","venue.name","Home.OffensiveRating","Home.DefensiveRating","Away.OffensiveRating","Away.DefensiveRating","GamesPlayed","GamesWon","HomeGroundAdvantage","PredictedMargin","pr","Winner"
"2026 Toyota AFL Premiership",9,"Fremantle","Hawthorn","Optus Stadium",16.4296546929589,5.07526365510069,9.99922099328439,-8.29593900821784,88,53,0.0977192982456141,5.33419681470389,0.575412755906078,"Fremantle"
"2026 Toyota AFL Premiership",9,"Brisbane Lions","Carlton","Gabba",28.9494589485925,1.22305190028459,-2.96266756297553,-3.96781731157131,98,72,0.12,13.9673911468234,0.782002510142768,"Brisbane Lions"
"2026 Toyota AFL Premiership",9,"Port Adelaide","Footscray","Adelaide Oval",15.5848813196275,-19.0485840692327,4.12178021474941,-8.93160135340596,97,64,0.12,1.9512325021609,0.480643760695896,"Footscray"
"2026 Toyota AFL Premiership",9,"North Melbourne","Sydney","Marvel Stadium",11.9029993065402,7.22210190702646,13.6646532957929,-7.21239070383528,53,18,-0.11889338731444,-2.9983869850056,0.346255438148266,"Sydney"
"2026 Toyota AFL Premiership",9,"GWS","Essendon","ENGIE Stadium",16.0873613654198,14.383728044256,-15.5554390438954,-15.7904569167151,61,41,0.12,20.1750080481395,0.878392145541706,"GWS"
"2026 Toyota AFL Premiership",9,"Gold Coast","St Kilda","TIO Stadium",29.1845998827722,0.0679382369207815,1.77330247194119,-6.13133391496425,9,8,0.12,12.4291561503258,0.750996929296369,"Gold Coast"
"2026 Toyota AFL Premiership",9,"Geelong","Collingwood","MCG",29.1107294104178,7.15258298846805,-6.8823807902735,-15.3606406376819,22,15,0.12,19.9717402320862,0.875922674166704,"Geelong"
"2026 Toyota AFL Premiership",9,"Melbourne","West Coast","Marvel Stadium",20.1448186270512,-8.74093262439159,-7.9149267462396,-11.8888509605401,1,1,0.0978407557354927,11.3701867160973,0.728007350776818,"Melbourne"
"2026 Toyota AFL Premiership",9,"Richmond","Adelaide","MCG",-8.40917854870599,-4.42094104654148,-1.09647828456412,-8.59626148902856,77,44,0.0704711216242855,-3.13688156197973,0.342729221473908,"Adelaide"
