"compSeason.name","round.roundNumber","home.team.name","away.team.name","venue.name","Home.OffensiveRating","Home.DefensiveRating","Away.OffensiveRating","Away.DefensiveRating","GamesPlayed","GamesWon","HomeGroundAdvantage","PredictedMargin","pr","Winner"
"2026 Toyota AFL Premiership",15,"Fremantle","Geelong","Optus Stadium",22.9620612960894,-0.773540571074445,6.21627296198976,-10.6605221391781,90,55,0.105831076034735,9.26682468275669,0.670553401945102,"Fremantle"
"2026 Toyota AFL Premiership",15,"Gold Coast","Hawthorn","People First Stadium",12.7893730323173,-15.3102993083253,6.33081254916913,-8.02931367610216,74,36,-0.00238639819136138,-3.55462644764095,0.364142372468138,"Hawthorn"
"2026 Toyota AFL Premiership",15,"Adelaide","Melbourne","Adelaide Oval",20.1048407958021,1.00101186040678,6.32330621916559,-4.13023637513669,96,52,0.0443960162550271,4.77378365066472,0.566184390340533,"Adelaide"
"2026 Toyota AFL Premiership",15,"GWS","Carlton","ENGIE Stadium",14.7153195397033,-12.2031282162942,6.55267680064328,-4.93200173098629,63,43,0.12,0.695487541272617,0.465786584930919,"Carlton"
"2026 Toyota AFL Premiership",15,"Collingwood","Port Adelaide","MCG",-4.82984849625331,-13.0033589563728,-3.39371121326868,-9.65897850355549,77,46,0.0931996601746395,-3.38285807999087,0.368085039804655,"Port Adelaide"
"2026 Toyota AFL Premiership",15,"Richmond","North Melbourne","MCG",-4.82984849625331,-23.3297610336358,-6.47641380467161,-8.08136415915955,79,45,0.0691732940169552,-6.08439442787055,0.308393824512102,"North Melbourne"
"2026 Toyota AFL Premiership",15,"St Kilda","Footscray","Marvel Stadium",15.6245460224739,1.04851138442879,-10.6951376338844,-14.7162901032786,77,38,0.00331201972520134,12.5293609301156,0.737569412041513,"St Kilda"
