"compSeason.name","round.roundNumber","home.team.name","away.team.name","venue.name","Home.OffensiveRating","Home.DefensiveRating","Away.OffensiveRating","Away.DefensiveRating","GamesPlayed","GamesWon","HomeGroundAdvantage","PredictedMargin","pr","Winner"
"2026 Toyota AFL Premiership",16,"Brisbane Lions","Sydney","Gabba",23.400723650703,2.95616075564469,18.5282089038093,-4.39007698830856,101,73,0.12,3.50604488340347,0.533558022131277,"Brisbane Lions"
"2026 Toyota AFL Premiership",16,"Hawthorn","GWS","MCG",16.0310218766537,9.62424320246855,-4.13414673342443,-6.49968104988413,45,25,0.0576881047465776,11.1113162193512,0.71380068573238,"Hawthorn"
"2026 Toyota AFL Premiership",16,"Carlton","West Coast","Marvel Stadium",4.6083866859781,-8.1547468102596,-8.13910026043783,-10.2785223042587,45,16,-0.100206632095528,-0.397473485003392,0.433976291398838,"West Coast"
"2026 Toyota AFL Premiership",16,"Collingwood","Richmond","MCG",-2.11589862601603,0.0847536167951718,-9.00850556457967,-11.7520998870686,78,47,0.0976469107839436,5.06379275189823,0.572997434628734,"Collingwood"
"2026 Toyota AFL Premiership",16,"Port Adelaide","Adelaide","Adelaide Oval",9.05590588724962,-28.1941593887586,-6.63824510560291,-10.5122769621423,100,64,0.12,1.31232019513172,0.477414001781299,"Adelaide"
"2026 Toyota AFL Premiership",16,"North Melbourne","Essendon","Marvel Stadium",5.57905544956505,-3.63169813251698,-5.66672783742924,-10.0406238173989,55,19,-0.115101164618583,-0.267808349154798,0.437243595544887,"Essendon"
"2026 Toyota AFL Premiership",16,"Fremantle","Gold Coast","Optus Stadium",19.5343755693817,-1.85369581652309,-1.09567004230297,-10.1038291033693,91,56,0.10959438806364,10.5122338001533,0.701094248608806,"Fremantle"
