"compSeason.name","round.roundNumber","home.team.name","away.team.name","venue.name","Home.OffensiveRating","Home.DefensiveRating","Away.OffensiveRating","Away.DefensiveRating","GamesPlayed","GamesWon","HomeGroundAdvantage","PredictedMargin","pr","Winner"
"2026 Toyota AFL Premiership",5,"Adelaide","Carlton","Adelaide Oval",-8.3741245072602,-12.745434797969,-11.6955678525457,-3.32854641010993,91,47,0.0218707589518738,-3.11005762680831,0.338546608923466,"Carlton"
"2026 Toyota AFL Premiership",5,"Collingwood","Fremantle","Adelaide Oval",-1.61787927807548,-10.2939753692571,9.13236647883228,-7.73096206033024,3,3,0.12,-4.46894723728592,0.304376910781972,"Fremantle"
"2026 Toyota AFL Premiership",5,"North Melbourne","Brisbane Lions","Barossa Park",13.8284389827828,10.479684091287,-2.56078542379468,-6.91273756316852,1,0,0.0194375516956161,8.29233551765003,0.656022469935783,"North Melbourne"
"2026 Toyota AFL Premiership",5,"Essendon","Melbourne","Adelaide Oval",-8.71469646744393,3.30536498215558,-6.37516187861233,-6.39573027277601,1,1,0.0963606286186931,1.14136443606116,0.455287860796313,"Melbourne"
"2026 Toyota AFL Premiership",5,"Sydney","Gold Coast","Norwood Oval",15.8532898174889,-9.31422936446805,1.82577875858906,-11.2124599033994,NA,NA,0.0627240143369175,4.63434037093376,0.555674954755772,"Sydney"
"2026 Toyota AFL Premiership",5,"Hawthorn","Footscray","Adelaide Oval",13.68849401343,-21.1827306298933,4.26109180515541,-6.43691682851689,4,1,-0.0154569892473119,-2.97178946204094,0.342127665843122,"Footscray"
"2026 Toyota AFL Premiership",5,"Geelong","West Coast","Norwood Oval",15.5026041870588,-8.06300596725352,-17.6576887685369,-16.6176135652927,NA,NA,0.0627240143369175,13.4738464252694,0.776149240930156,"Geelong"
"2026 Toyota AFL Premiership",5,"GWS","Richmond","Barossa Park",18.8301584504193,1.17696871636898,-2.47294723795935,-13.0274961685968,NA,NA,0.0627240143369175,10.3761624438588,0.708066498737807,"GWS"
"2026 Toyota AFL Premiership",5,"Port Adelaide","St Kilda","Adelaide Oval",16.5450962128016,12.0862386042487,-2.63365457050471,-13.9505987371644,95,63,0.12,13.7875439780295,0.782373821760766,"Port Adelaide"
