compSeason.name,round.roundNumber,home.team.name,away.team.name,venue.name,Home.OffensiveRating,Home.DefensiveRating,Away.OffensiveRating,Away.DefensiveRating,GamesPlayed,GamesWon,HomeGroundAdvantage,PredictedMargin,pr,Winner
2026 Toyota AFL Premiership,11,Hawthorn,Adelaide,UTAS Stadium,20.45686914,2.519495641,-1.610978212,-10.42313414,31,23,0.12,12.94255754,0.744226285,Hawthorn
2026 Toyota AFL Premiership,11,Richmond,Essendon,MCG,-6.373657638,-4.827902447,-11.0802112,-14.56671189,78,44,0.064351852,2.427033069,0.504907703,Richmond
2026 Toyota AFL Premiership,11,Fremantle,St Kilda,Optus Stadium,21.28904592,-5.442710385,0.003134201,-8.75756331,89,54,0.10189769,9.321690808,0.669747608,Fremantle
2026 Toyota AFL Premiership,11,North Melbourne,Gold Coast,Marvel Stadium,13.49719311,-25.29423767,0.542387506,-12.31758144,54,18,-0.12,-5.419334083,0.318067217,Gold Coast
2026 Toyota AFL Premiership,11,Geelong,Sydney,GMHBA Stadium,28.0248951,5.489748231,18.15316398,-3.919935573,71,57,0.12,6.286611715,0.599753899,Geelong
2026 Toyota AFL Premiership,11,Collingwood,West Coast,MCG,-6.094352334,-19.34404745,-5.317141739,-11.12514192,75,45,0.095306513,-4.37336869,0.341102864,West Coast
2026 Toyota AFL Premiership,11,Port Adelaide,Carlton,Adelaide Oval,21.95861343,-2.988975202,-0.08730627,-2.338043308,98,64,0.12,9.048727925,0.663700478,Port Adelaide
2026 Toyota AFL Premiership,11,GWS,Brisbane Lions,ENGIE Stadium,18.11720895,15.28257061,2.318189752,-6.475658574,62,42,0.12,12.55881684,0.736875613,GWS
2026 Toyota AFL Premiership,11,Footscray,Melbourne,Marvel Stadium,14.16293453,0.421622621,3.618020042,-7.071258533,70,39,0.058434959,4.322322233,0.551960695,Footscray