"compSeason.name","round.roundNumber","home.team.name","away.team.name","venue.name","Home.OffensiveRating","Home.DefensiveRating","Away.OffensiveRating","Away.DefensiveRating","GamesPlayed","GamesWon","HomeGroundAdvantage","PredictedMargin","pr","Winner"
"2026 Toyota AFL Premiership",18,"Fremantle","Sydney","Optus Stadium",18.1512906310404,-3.76477444217882,7.8904225847985,-4.28198380715178,92,57,0.113409738409738,4.14397166817084,0.536577637123372,"Fremantle"
"2026 Toyota AFL Premiership",18,"Collingwood","North Melbourne","Marvel Stadium",3.85284891355776,5.30761576219291,-3.33232538769838,-12.0214813880863,15,8,0.0479486220226961,5.47087289688289,0.582152366479882,"Collingwood"
"2026 Toyota AFL Premiership",18,"St Kilda","Port Adelaide","Marvel Stadium",17.6137653652586,10.2136429558703,-5.33838230420959,-7.7622696581586,78,38,-0.0022820800598578,9.80280695088106,0.718235334171263,"St Kilda"
"2026 Toyota AFL Premiership",18,"GWS","Geelong","ENGIE Stadium",16.4644334533418,-9.19146989088657,2.52486813082103,-2.86924207611608,64,43,0.12,4.01191771867422,0.531995423928507,"GWS"
"2026 Toyota AFL Premiership",18,"Carlton","Hawthorn","MCG",7.21035590408504,6.98726665776091,1.44662172659239,-9.20857842828707,40,19,-0.00394975394975394,3.75967748961084,0.523228432807001,"Carlton"
"2026 Toyota AFL Premiership",18,"Adelaide","Gold Coast","Adelaide Oval",17.5313803024704,-10.259119480573,-0.705975477782806,-10.0558048872161,97,53,0.0485744293083743,5.34925988974013,0.578021285470725,"Adelaide"
"2026 Toyota AFL Premiership",18,"Footscray","West Coast","Marvel Stadium",6.98751176302517,7.76852328291932,-10.918108822759,-10.826205797513,73,41,0.0622895622895623,9.53030917266681,0.710481540170746,"Footscray"
"2026 Toyota AFL Premiership",18,"Melbourne","Richmond","MCG",8.34348045113197,2.10992960905888,-11.5077243410692,-12.0252567885157,77,44,0.0707259864563236,9.37581419683004,0.706029752275764,"Melbourne"
"2026 Toyota AFL Premiership",18,"Brisbane Lions","Essendon","Gabba",20.7403245322911,-11.5065496213864,-9.97108328878832,-11.98393168095,102,74,0.12,10.9610553588229,0.749744215007256,"Brisbane Lions"
