"compSeason.name","round.roundNumber","home.team.name","away.team.name","venue.name","Home.OffensiveRating","Home.DefensiveRating","Away.OffensiveRating","Away.DefensiveRating","GamesPlayed","GamesWon","HomeGroundAdvantage","PredictedMargin","pr","Winner"
"2026 Toyota AFL Premiership",7,"Footscray","Sydney","Marvel Stadium",26.5133034936714,17.9475619362907,-0.520767365079891,-10.0930970996406,68,39,0.072163120567376,17.6105281746259,0.824763389116313,"Footscray"
"2026 Toyota AFL Premiership",7,"Richmond","Melbourne","MCG",-11.7356571452057,9.00815767037145,-6.58833413413097,-5.4930164847502,76,44,0.076966473243069,-0.0687495175491648,0.438254087313272,"Melbourne"
"2026 Toyota AFL Premiership",7,"Hawthorn","Gold Coast","UTAS Stadium",20.7699730264434,15.6342559010751,-0.331078214138149,-12.3430517237026,30,22,0.12,16.2687488321974,0.804169263818247,"Hawthorn"
"2026 Toyota AFL Premiership",7,"Essendon","Collingwood","MCG",-7.23747063510107,-7.82035062927339,-11.364932562099,-12.6480702080196,30,10,-0.10064167510976,-3.38511450242219,0.357695545753436,"Collingwood"
"2026 Toyota AFL Premiership",7,"Port Adelaide","Geelong","Adelaide Oval",12.92677832945,-13.9235787360822,18.0340157747273,-9.09745401740138,96,63,0.12,-4.18285174816084,0.339286539258862,"Geelong"
"2026 Toyota AFL Premiership",7,"Fremantle","Carlton","Optus Stadium",6.50683551354521,8.13958445247262,-6.5386978380746,-5.03924192792697,87,52,0.0936671681352532,7.99156159143305,0.639024044924979,"Fremantle"
"2026 Toyota AFL Premiership",7,"St Kilda","West Coast","Marvel Stadium",3.53675860349466,-5.29343436070201,-15.3341450290007,-14.5308913292632,73,35,-0.00855235711305796,6.74078971150154,0.609207421509246,"St Kilda"
"2026 Toyota AFL Premiership",7,"Brisbane Lions","Adelaide","Gabba",26.6320421096482,5.5060892328552,8.09815525978349,-7.58646860596074,97,71,0.12,11.0768639553509,0.70780995422494,"Brisbane Lions"
"2026 Toyota AFL Premiership",7,"GWS","North Melbourne","Corroboree Group Oval Manuka",14.5281381345036,15.4156333520516,-16.3368070728826,-17.255961337329,21,9,-0.0220287986245433,18.0414851668212,0.831005314236827,"GWS"
