"compSeason.name","round.roundNumber","home.team.name","away.team.name","venue.name","Home.OffensiveRating","Home.DefensiveRating","Away.OffensiveRating","Away.DefensiveRating","GamesPlayed","GamesWon","HomeGroundAdvantage","PredictedMargin","pr","Winner"
"2026 Toyota AFL Premiership",17,"Geelong","Brisbane Lions","GMHBA Stadium",20.6102488516586,0.361261469264319,11.9055889826013,-4.77678413439351,73,59,0.12,4.63509897733934,0.557675742708348,"Geelong"
"2026 Toyota AFL Premiership",17,"Sydney","Footscray","SCG",29.4693255585449,6.79052461370254,-15.0529511641666,-14.6614630564609,89,55,0.111968303429328,22.363916091767,0.911015390890092,"Sydney"
"2026 Toyota AFL Premiership",17,"West Coast","Adelaide","Optus Stadium",5.70172549261302,0.756750431953682,-2.25864926868307,-7.1254364654983,94,43,-0.0301056731475274,1.55454420001538,0.467002696073205,"Adelaide"
"2026 Toyota AFL Premiership",17,"Hawthorn","Melbourne","UTAS Stadium",14.6873914017168,2.81592380977968,11.3401564296585,-2.02575207794086,32,24,0.12,2.48516763566734,0.494439276765179,"Melbourne"
"2026 Toyota AFL Premiership",17,"GWS","Fremantle","Corroboree Group Oval Manuka",22.7554210602648,0.943552975740218,4.99017815027082,-11.5076481226124,22,10,-0.00562356922464413,7.04997295799455,0.626448632052271,"GWS"
"2026 Toyota AFL Premiership",17,"Gold Coast","Collingwood","People First Stadium",2.49342073021373,-10.8058503697118,10.2467035306648,-7.02173487952749,75,36,-0.00794484314526323,-6.90648630548076,0.243845674001284,"Collingwood"
"2026 Toyota AFL Premiership",17,"Richmond","Carlton","MCG",-4.0463558822567,-2.33274040474125,6.43718229004809,-10.6821444486323,80,45,0.0631391157213271,-3.32394834081829,0.329931857265814,"Carlton"
"2026 Toyota AFL Premiership",17,"Essendon","St Kilda","Marvel Stadium",-2.04037760988131,-13.9201481613467,-2.01082693278958,-10.8268131159387,50,31,0.10981933300584,-1.01950099699916,0.392632130850177,"St Kilda"
"2026 Toyota AFL Premiership",17,"Port Adelaide","North Melbourne","Adelaide Oval",9.58079046813965,-5.0515492336868,-6.75904252129174,-11.9888519406144,101,65,0.12,8.03925283177941,0.653368277534752,"Port Adelaide"
