"compSeason.name","round.roundNumber","home.team.name","away.team.name","venue.name","Home.OffensiveRating","Home.DefensiveRating","Away.OffensiveRating","Away.DefensiveRating","GamesPlayed","GamesWon","HomeGroundAdvantage","PredictedMargin","pr","Winner"
"2026 Toyota AFL Premiership",13,"Adelaide","Geelong","Adelaide Oval",13.7726158920283,10.3559651610405,5.6314713601038,-9.93883096854844,95,51,0.040298379490697,6.30494257012079,0.603498772570376,"Adelaide"
"2026 Toyota AFL Premiership",13,"Hawthorn","Footscray","MCG",18.3779360883261,2.85497609251618,-6.18815785530589,-11.2808917845586,44,25,0.068070117955439,11.7557903105891,0.742439316366807,"Hawthorn"
"2026 Toyota AFL Premiership",13,"North Melbourne","Fremantle","Hands Oval",13.5529740453913,-7.4427015541423,-5.70589839598008,-8.18233786269978,1,1,0.10091743119266,7.1698820631597,0.627475335675593,"North Melbourne"
"2026 Toyota AFL Premiership",13,"Gold Coast","Brisbane Lions","People First Stadium",16.1663529848976,0.00459910226486615,10.1008391363403,-6.5959211216847,73,36,0.0036697247706422,1.26007074115192,0.457355869082386,"Brisbane Lions"
"2026 Toyota AFL Premiership",13,"West Coast","Port Adelaide","Optus Stadium",-0.82086657580379,-0.413838711238184,-5.82107167248263,-14.1316210923131,93,43,-0.0256006989951944,1.92381806300874,0.476710028958672,"Port Adelaide"
"2026 Toyota AFL Premiership",13,"Sydney","St Kilda","SCG",22.73515845041,17.7679693337846,-2.39053679336322,-11.6068241563994,88,54,0.108119266055046,16.679301417514,0.836924963128135,"Sydney"
"2026 Toyota AFL Premiership",13,"Essendon","Carlton","MCG",-1.05805925385897,-5.18873216895448,2.3446348088377,-5.62084917142369,32,10,-0.117910758965805,-6.76145636104148,0.247722995124964,"Carlton"
"2026 Toyota AFL Premiership",13,"Collingwood","Melbourne","MCG",-6.84934284043266,-4.62321613842154,6.2544705568941,-5.66157622026934,76,46,0.100135529608007,-5.23265261962093,0.282584223133383,"Melbourne"
