"compSeason.name","round.roundNumber","home.team.name","away.team.name","venue.name","Home.OffensiveRating","Home.DefensiveRating","Away.OffensiveRating","Away.DefensiveRating","GamesPlayed","GamesWon","HomeGroundAdvantage","PredictedMargin","pr","Winner"
"2026 Toyota AFL Premiership",8,"Collingwood","Hawthorn","MCG",-6.16925657455741,-19.6946779013162,9.99922099328439,-8.29593900821784,75,45,0.0950796531558782,-9.99520612422775,0.193966363255979,"Hawthorn"
"2026 Toyota AFL Premiership",8,"Footscray","Fremantle","Marvel Stadium",14.2500736740482,0.240753615160003,-3.12372884826864,-3.73251806987534,70,39,0.0581942661531879,6.34459889561768,0.6029792667589,"Footscray"
"2026 Toyota AFL Premiership",8,"Adelaide","Port Adelaide","Adelaide Oval",11.8426583513022,9.10029078815602,-4.37682851906798,-19.1820852107901,94,50,0.0355842436279378,11.4720782997756,0.730276233751965,"Adelaide"
"2026 Toyota AFL Premiership",8,"Essendon","Brisbane Lions","Marvel Stadium",-4.4255917594289,-18.0906370217931,2.48540722399175,-6.27725369605129,50,31,0.1092246745897,-6.06329428560925,0.272671122877942,"Brisbane Lions"
"2026 Toyota AFL Premiership",8,"West Coast","Richmond","Optus Stadium",-7.22211184783552,4.50811504501295,-9.55105141590788,-12.7932469538705,91,41,-0.0361948560722194,1.39374898628318,0.464977275517395,"Richmond"
"2026 Toyota AFL Premiership",8,"Geelong","North Melbourne","GMHBA Stadium",29.1107294104178,7.15258298846805,-7.38886252387788,-12.1868825386058,71,57,0.12,19.3713058632801,0.868375729972471,"Geelong"
"2026 Toyota AFL Premiership",8,"Carlton","St Kilda","Marvel Stadium",9.50911350091062,-2.24228908980682,1.77330247194119,-6.13133391496425,44,15,-0.111215538847118,-1.69094062681522,0.380335700042095,"St Kilda"
"2026 Toyota AFL Premiership",8,"Sydney","Melbourne","SCG",23.2898549297692,-1.99249232588537,3.92994418011837,-7.0611267250715,86,52,0.0997135696383816,8.43582332900192,0.657839865705769,"Sydney"
"2026 Toyota AFL Premiership",8,"Gold Coast","GWS","People First Stadium",29.1845998827722,0.0679382369207815,3.23045321081036,-6.74290794358497,73,36,0.00319917440660478,9.1250834737661,0.675111911021227,"Gold Coast"
