compSeason.name,round.roundNumber,home.team.name,away.team.name,venue.name,Home.OffensiveRating,Home.DefensiveRating,Away.OffensiveRating,Away.DefensiveRating,GamesPlayed,GamesWon,HomeGroundAdvantage,PredictedMargin,pr,Winner
2026 Toyota AFL Premiership,1,Carlton,Richmond,MCG,-3.061218972,15.27539159,-9.95398896,-16.29673983,36,17,-0.005389024,7.716220701,0.634379786,Carlton
2026 Toyota AFL Premiership,1,Essendon,Hawthorn,MCG,-4.316914889,-0.807889538,-0.19065261,-4.254334638,29,10,-0.091674955,-6.607758296,0.281477469,Hawthorn
2026 Toyota AFL Premiership,1,Footscray,GWS,Marvel Stadium,26.25939566,-0.491796153,0.071085127,-9.69993304,66,37,0.060786242,11.61568783,0.722358305,Footscray
2026 Toyota AFL Premiership,1,Geelong,Fremantle,GMHBA Stadium,27.74576384,3.67254281,-0.421974691,-6.037348597,67,53,0.12,14.10864861,0.771217267,Geelong
2026 Toyota AFL Premiership,1,Sydney,Brisbane Lions,SCG,6.431148285,3.647009621,-4.599721128,-7.802330072,83,49,0.086750809,6.496703339,0.604523764,Sydney
2026 Toyota AFL Premiership,1,Collingwood,Adelaide,MCG,3.102635664,1.679655085,8.707653378,-1.713008306,73,45,0.108721492,-2.079087843,0.385412752,Adelaide
2026 Toyota AFL Premiership,1,North Melbourne,Port Adelaide,Marvel Stadium,4.617207252,-9.084091955,-21.59337156,-8.455812019,50,15,-0.12,4.356029815,0.550315093,North Melbourne
2026 Toyota AFL Premiership,1,Melbourne,St Kilda,MCG,13.95807845,-11.54187599,-7.494204818,-15.11974859,72,39,0.044539605,7.709278546,0.63421248,Melbourne
2026 Toyota AFL Premiership,1,Gold Coast,West Coast,People First Stadium,20.40901217,-21.23266401,-12.96947509,-18.61997112,70,33,-0.015349673,9.545646099,0.677241113,Gold Coast