"compSeason.name","round.roundNumber","home.team.name","away.team.name","venue.name","Home.OffensiveRating","Home.DefensiveRating","Away.OffensiveRating","Away.DefensiveRating","GamesPlayed","GamesWon","HomeGroundAdvantage","PredictedMargin","pr","Winner"
"2026 Toyota AFL Premiership",1,"Carlton","Richmond","MCG",-3.06121897199078,15.275391586893,-9.95398896025855,-16.2967398344471,36,17,-0.0053890241428281,7.7162207010033,0.634379786102484,"Carlton"
"2026 Toyota AFL Premiership",1,"Essendon","Hawthorn","MCG",-4.31691488882346,-0.807889537915983,-0.190652610005113,-4.2543346381037,29,10,-0.0916749550940427,-6.60775829641316,0.281477468782518,"Hawthorn"
"2026 Toyota AFL Premiership",1,"Footscray","GWS","Marvel Stadium",26.2593956551531,-0.491796153495088,0.0710851270900577,-9.69993304001303,66,37,0.0607862415531314,11.6156878294079,0.72235830530196,"Footscray"
"2026 Toyota AFL Premiership",1,"Geelong","Fremantle","GMHBA Stadium",27.7457638395328,3.67254281014286,-0.42197469092206,-6.03734859701336,67,53,0.12,14.108648606134,0.771217266564312,"Geelong"
"2026 Toyota AFL Premiership",1,"Sydney","Brisbane Lions","SCG",6.43114828452111,3.64700962121721,-4.59972112752787,-7.80233007176307,83,49,0.08675080885415,6.49670333859611,0.604523763779591,"Sydney"
"2026 Toyota AFL Premiership",1,"Collingwood","Adelaide","MCG",3.1026356641074,1.6796550853468,8.70765337836386,-1.71300830557526,73,45,0.108721492248756,-2.07908784330882,0.385412751854416,"Adelaide"
"2026 Toyota AFL Premiership",1,"North Melbourne","Port Adelaide","Marvel Stadium",4.61720725227207,-9.08409195509101,-21.5933715601273,-8.45581201876554,50,15,-0.12,4.35602981513816,0.55031509261483,"North Melbourne"
"2026 Toyota AFL Premiership",1,"Melbourne","St Kilda","MCG",13.9580784538166,-11.5418759926795,-7.49420481828085,-15.1197485902489,72,39,0.0445396052517173,7.70927854557885,0.634212479611249,"Melbourne"
"2026 Toyota AFL Premiership",1,"Gold Coast","West Coast","People First Stadium",20.4090121650318,-21.2326640081591,-12.9694750885674,-18.6199711242076,70,33,-0.0153496726689726,9.54564609852472,0.677241112934331,"Gold Coast"
