"compSeason.name","round.roundNumber","home.team.name","away.team.name","venue.name","Home.OffensiveRating","Home.DefensiveRating","Away.OffensiveRating","Away.DefensiveRating","GamesPlayed","GamesWon","HomeGroundAdvantage","PredictedMargin","pr","Winner"
"2026 Toyota AFL Premiership",20,"Adelaide","Collingwood","Adelaide Oval",8.92806129646165,11.0283393860447,12.5375905153217,-6.45163447017398,98,54,0.0527272727272727,-0.257583785534202,0.457198960267544,"Collingwood"
"2026 Toyota AFL Premiership",20,"Melbourne","Geelong","MCG",14.2242367021519,14.1296767605143,2.63352248368946,-3.48957884607081,78,45,0.0755555555555555,8.51413483556421,0.647846377656892,"Melbourne"
"2026 Toyota AFL Premiership",20,"Fremantle","West Coast","Optus Stadium",17.8946578795242,-3.9136772659071,-8.63624124739147,-11.4116282961482,93,58,0.117142857142857,14.5065106918243,0.758279101313391,"Fremantle"
"2026 Toyota AFL Premiership",20,"Carlton","Gold Coast","Marvel Stadium",13.8325436454718,-3.0480082387348,-7.26595448445235,-11.1965722174746,46,17,-0.0896551724137931,5.30054341214083,0.580148557839956,"Carlton"
"2026 Toyota AFL Premiership",20,"Hawthorn","Essendon","MCG",16.2568080436729,-0.957015551213791,-11.5667800191645,-17.7551080206672,46,26,0.0655172413793103,16.4856288454868,0.789103211854224,"Hawthorn"
"2026 Toyota AFL Premiership",20,"GWS","Sydney","ENGIE Stadium",15.4144399287152,1.37126781355306,-1.46053629787743,-4.82922929156213,65,44,0.12,9.10278201658797,0.659712003812153,"GWS"
"2026 Toyota AFL Premiership",20,"Footscray","Richmond","Marvel Stadium",10.118264523025,9.1977911301369,-13.2552184043592,-9.1464289777092,74,42,0.0674418604651162,14.6908052815297,0.761274759408041,"Footscray"
"2026 Toyota AFL Premiership",20,"Brisbane Lions","Port Adelaide","Gabba",23.6278985114638,9.15148362140214,-6.3206302982081,-5.77194551973601,103,75,0.12,18.7390765094578,0.820570959421529,"Brisbane Lions"
"2026 Toyota AFL Premiership",20,"North Melbourne","St Kilda","Marvel Stadium",-0.141375233272826,-22.3249652106418,0.621588620758863,-8.28597004842093,57,20,-0.111594202898551,-13.9058017035466,0.199865363472643,"St Kilda"
