"compSeason.name","round.roundNumber","home.team.name","away.team.name","venue.name","Home.OffensiveRating","Home.DefensiveRating","Away.OffensiveRating","Away.DefensiveRating","GamesPlayed","GamesWon","HomeGroundAdvantage","PredictedMargin","pr","Winner"
"2026 Toyota AFL Premiership",8,"Collingwood","Hawthorn","MCG",1.53834663719744,-24.6984695656658,2.50744773709554,-4.56661774058987,74,45,0.102087691234978,-7.0665097449143,0.27667280317653,"Hawthorn"
"2026 Toyota AFL Premiership",8,"Footscray","Fremantle","Marvel Stadium",24.1282440828836,-16.4660337845512,0.242427461072065,-3.44091514383372,69,39,0.0651795240272607,4.81721062713197,0.562515986263067,"Footscray"
"2026 Toyota AFL Premiership",8,"Adelaide","Port Adelaide","Adelaide Oval",3.02782733170191,-0.868071757280006,-8.63972650761182,-16.5959891354625,93,49,0.0312337280591249,6.41319016716517,0.602095734919961,"Adelaide"
"2026 Toyota AFL Premiership",8,"Essendon","Brisbane Lions","Marvel Stadium",-2.65044375406142,-0.940723138741241,3.65921475663843,-4.36840141626257,49,31,0.119336745019805,-2.48414358144831,0.379064186936943,"Brisbane Lions"
"2026 Toyota AFL Premiership",8,"West Coast","Richmond","Optus Stadium",-7.25134081096279,-6.77338576800277,-7.28679510284605,-10.081052085717,90,41,-0.031573123076391,-3.81196953262496,0.347739557046094,"Richmond"
"2026 Toyota AFL Premiership",8,"Geelong","North Melbourne","GMHBA Stadium",19.8667676104344,-2.84074899925466,-13.0893141818552,-14.9563631605021,70,56,0.12,17.189632610322,0.819600525409013,"Geelong"
"2026 Toyota AFL Premiership",8,"Carlton","St Kilda","Marvel Stadium",8.83176648801075,12.8468631008404,-0.632526556528056,-6.88940750077376,43,15,-0.104008337341671,2.882161868997,0.513487003325818,"Carlton"
"2026 Toyota AFL Premiership",8,"Sydney","Melbourne","SCG",18.7518099543881,5.02011834879704,-5.13959458614037,-9.06695711981673,85,51,0.0956653757341043,13.0844086800577,0.749288015409286,"Sydney"
"2026 Toyota AFL Premiership",8,"Gold Coast","GWS","People First Stadium",21.4246286564649,18.8289842559027,-2.36993432145951,-16.557329631812,72,35,-0.00262450659276053,16.2248827806637,0.804587542586744,"Gold Coast"
