"compSeason.name","round.roundNumber","home.team.name","away.team.name","venue.name","Home.OffensiveRating","Home.DefensiveRating","Away.OffensiveRating","Away.DefensiveRating","GamesPlayed","GamesWon","HomeGroundAdvantage","PredictedMargin","pr","Winner"
"2026 Toyota AFL Premiership",10,"Brisbane Lions","Geelong","Gabba",28.38032318797,0.0567170585901451,12.4972152659756,-11.5267633599888,99,73,0.12,9.21221644280782,0.676404418267659,"Brisbane Lions"
"2026 Toyota AFL Premiership",10,"Sydney","Collingwood","SCG",23.1405806205426,-2.00079023289162,1.41586692488261,-15.3844393293174,86,52,0.0997791786871817,11.523799668064,0.730360353566062,"Sydney"
"2026 Toyota AFL Premiership",10,"Gold Coast","Port Adelaide","TIO Stadium",20.8469729833792,-3.61716345431027,-20.721609352107,-8.48800924150497,10,9,0.12,17.8467489200509,0.846229164535514,"Gold Coast"
"2026 Toyota AFL Premiership",10,"Adelaide","North Melbourne","Adelaide Oval",5.02872366644192,11.5924558279586,-7.25289400876381,-12.3492036775038,89,47,0.03245900506281,8.74871058880821,0.664927768825718,"Adelaide"
"2026 Toyota AFL Premiership",10,"Melbourne","Hawthorn","MCG",14.223072328777,-11.0017788500174,8.11459772543983,-8.44530875796727,72,39,0.0449804703731406,-0.162170809706853,0.422216804876368,"Hawthorn"
"2026 Toyota AFL Premiership",10,"Carlton","Footscray","Marvel Stadium",9.43807641918058,-2.2579320456263,-3.28767187243662,-11.2711263720517,44,15,-0.111100723011718,1.60118950595005,0.47103575405196,"Footscray"
"2026 Toyota AFL Premiership",10,"Essendon","Fremantle","MCG",-4.40280420179286,-18.1287864459846,-0.876929403401078,-6.08152039798243,31,10,-0.109805592759446,-10.2614585662552,0.190629379329427,"Fremantle"
"2026 Toyota AFL Premiership",10,"St Kilda","Richmond","Marvel Stadium",2.83396258124007,6.74342936110374,-9.65013541172757,-13.0152579134022,72,35,-0.00263857724590705,6.90356891038535,0.617386696633883,"St Kilda"
"2026 Toyota AFL Premiership",10,"West Coast","GWS","Optus Stadium",-8.87147363884311,-8.09913738051895,2.71772998201164,-6.8792411481946,87,40,-0.0274913180672343,-8.73052926072672,0.218523576509168,"GWS"
